,Tickers
0,AAN
1,AAOI
2,AAON
3,AAT
4,AAWW
5,AAXN
6,ABCB
7,ABEO
8,ABG
9,ABM
10,ABTX
11,AC
12,ACA
13,ACAD
14,ACBI
15,ACCO
16,ACER
17,ACIA
18,ACIW
19,ACLS
20,ACNB
21,ACOR
22,ACRE
23,ACRS
24,ACRX
25,ACTG
26,ADC
27,ADES
28,ADMA
29,ADMS
30,ADNT
31,ADRO
32,ADSW
33,ADTN
34,ADUS
35,ADVM
36,AEGN
37,AEIS
38,AEL
39,AEO
40,AERI
41,AFI
42,AFIN
43,AFMD
44,AGE
45,AGEN
46,AGLE
47,AGM
48,AGS
49,AGX
50,AGYS
51,AHH
52,AHT
53,AI
54,AIMC
55,AIMT
56,AIN
57,AIR
58,AIRG
59,AIT
60,AJRD
61,AJX
62,AKBA
63,AKCA
64,AKR
65,AKRO
66,AKRX
67,AKS
68,AKTS
69,ALBO
70,ALCO
71,ALDX
72,ALE
73,ALEC
74,ALEX
75,ALG
76,ALGT
77,ALLK
78,ALLO
79,ALOT
80,ALRM
81,ALTM
82,ALTR
83,ALX
84,AMAG
85,AMAL
86,AMBA
87,AMBC
88,AMC
89,AMED
90,AMEH
91,AMK
92,AMKR
93,AMN
94,AMNB
95,AMOT
96,AMPH
97,AMRC
98,AMRS
99,AMRX
100,AMSC
101,AMSF
102,AMSWA
103,AMTB
104,AMWD
105,ANAB
106,ANDE
107,ANF
108,ANGO
109,ANH
110,ANIK
111,ANIP
112,AOBC
113,AOSL
114,APAM
115,APEI
116,APLS
117,APOG
118,APPF
119,APPN
120,APPS
121,APTS
122,APYX
123,AQUA
124,ARA
125,ARAY
126,ARCB
127,ARCH
128,ARDX
129,ARES
130,ARGO
131,ARI
132,ARL
133,ARLO
134,ARNA
135,AROC
136,AROW
137,ARQL
138,ARR
139,ARTNA
140,ARVN
141,ARWR
142,ASC
143,ASGN
144,ASIX
145,ASMB
146,ASNA
147,ASPS
148,ASRT
149,ASTE
150,AT
151,ATEC
152,ATEN
153,ATEX
154,ATGE
155,ATHX
156,ATI
157,ATKR
158,ATLO
159,ATNI
160,ATNX
161,ATRA
162,ATRC
163,ATRI
164,ATRO
165,ATRS
166,ATSG
167,AUB
168,AVA
169,AVAV
170,AVCO
171,AVD
172,AVID
173,AVNS
174,AVRO
175,AVX
176,AVXL
177,AVYA
178,AWR
179,AX
180,AXAS
181,AXDX
182,AXE
183,AXGN
184,AXL
185,AXLA
186,AXNX
187,AXSM
188,AXTI
189,AYR
190,AZZ
191,B
192,BANC
193,BAND
194,BANF
195,BANR
196,BATRA
197,BATRK
198,BBBY
199,BBCP
200,BBIO
201,BBSI
202,BBX
203,BCBP
204,BCC
205,BCEI
206,BCEL
207,BCML
208,BCO
209,BCOR
210,BCOV
211,BCPC
212,BCRX
213,BDC
214,BDGE
215,BDSI
216,BE
217,BEAT
218,BECN
219,BELFB
220,BFC
221,BFIN
222,BFS
223,BFST
224,BGG
225,BGS
226,BGSF
227,BH
228,BHB
229,BHE
230,BHLB
231,BHR
232,BHVN
233,BIG
234,BJ
235,BJRI
236,BKD
237,BKE
238,BKH
239,BL
240,BLBD
241,BLD
242,BLDR
243,BLFS
244,BLKB
245,BLMN
246,BLX
247,BMCH
248,BMI
249,BMRC
250,BMTC
251,BNED
252,BNFT
253,BOCH
254,BOLD
255,BOMN
256,BOOM
257,BOOT
258,BOX
259,BPFH
260,BPMC
261,BPRN
262,BRC
263,BREW
264,BRG
265,BRID
266,BRKL
267,BRKS
268,BRT
269,BRY
270,BSET
271,BSGM
272,BSIG
273,BSRR
274,BSTC
275,BSVN
276,BTAI
277,BTU
278,BUSE
279,BV
280,BWB
281,BWFG
282,BXC
283,BXG
284,BXMT
285,BXS
286,BY
287,BYD
288,BYSI
289,BZH
290,CAC
291,CADE
292,CAI
293,CAKE
294,CAL
295,CALA
296,CALM
297,CALX
298,CAMP
299,CAR
300,CARA
301,CARE
302,CARG
303,CARO
304,CARS
305,CASA
306,CASH
307,CASI
308,CASS
309,CATC
310,CATM
311,CATO
312,CATS
313,CATY
314,CBAN
315,CBAY
316,CBB
317,CBL
318,CBMG
319,CBNK
320,CBPX
321,CBRL
322,CBTX
323,CBU
324,CBZ
325,CCB
326,CCBG
327,CCF
328,CCMP
329,CCNE
330,CCO
331,CCOI
332,CCRN
333,CCS
334,CCXI
335,CDE
336,CDLX
337,CDMO
338,CDNA
339,CDR
340,CDXC
341,CDXS
342,CDZI
343,CECE
344,CEIX
345,CELC
346,CELH
347,CENT
348,CENTA
349,CENX
350,CERC
351,CERS
352,CETV
353,CEVA
354,CFB
355,CFFI
356,CFFN
357,CFMS
358,CHAP
359,CHCO
360,CHCT
361,CHDN
362,CHEF
363,CHGG
364,CHMA
365,CHMG
366,CHMI
367,CHRA
368,CHRS
369,CHS
370,CHUY
371,CIA
372,CIO
373,CIR
374,CISN
375,CIVB
376,CIX
377,CKH
378,CKPT
379,CLAR
380,CLBK
381,CLCT
382,CLDR
383,CLDT
384,CLF
385,CLFD
386,CLI
387,CLNC
388,CLNE
389,CLPR
390,CLVS
391,CLW
392,CLXT
393,CMBM
394,CMC
395,CMCO
396,CMCT
397,CMLS
398,CMO
399,CMP
400,CMPR
401,CMRE
402,CMRX
403,CMTL
404,CNBKA
405,CNCE
406,CNDT
407,CNMD
408,CNNE
409,CNO
410,CNOB
411,CNR
412,CNS
413,CNSL
414,CNST
415,CNTY
416,CNX
417,CNXN
418,CODA
419,COHU
420,COKE
421,COLB
422,COLL
423,CONN
424,COOP
425,CORE
426,CORR
427,CORT
428,COWN
429,CPE
430,CPF
431,CPK
432,CPLG
433,CPRX
434,CPS
435,CPSI
436,CRAI
437,CRBP
438,CRC
439,CRCM
440,CRK
441,CRMD
442,CRMT
443,CRNX
444,CROX
445,CRS
446,CRTX
447,CRUS
448,CRVL
449,CRY
450,CSFL
451,CSGS
452,CSII
453,CSLT
454,CSOD
455,CSTE
456,CSTL
457,CSTR
458,CSV
459,CSWI
460,CTB
461,CTBI
462,CTMX
463,CTO
464,CTRA
465,CTRC
466,CTRE
467,CTRN
468,CTS
469,CTSO
470,CTT
471,CUB
472,CUBI
473,CUE
474,CULP
475,CURO
476,CUTR
477,CVA
478,CVBF
479,CVCO
480,CVCY
481,CVGI
482,CVGW
483,CVI
484,CVIA
485,CVLT
486,CVLY
487,CVM
488,CVTI
489,CWCO
490,CWEN
491,CWH
492,CWK
493,CWST
494,CWT
495,CXW
496,CYCN
497,CYH
498,CYRX
499,CYTK
500,CZNC
501,DAN
502,DAR
503,DBD
504,DBI
505,DCO
506,DCOM
507,DCPH
508,DDD
509,DDS
510,DEA
511,DECK
512,DENN
513,DERM
514,DFIN
515,DGICA
516,DGII
517,DHIL
518,DHT
519,DHX
520,DIN
521,DIOD
522,DJCO
523,DK
524,DLA
525,DLTH
526,DLX
527,DMRC
528,DNLI
529,DNOW
530,DNR
531,DO
532,DOC
533,DOMO
534,DOOR
535,DORM
536,DPLO
537,DRH
538,DRNA
539,DRQ
540,DS
541,DSKE
542,DSPG
543,DSSI
544,DTIL
545,DVAX
546,DX
547,DXPE
548,DY
549,DZSI
550,EAT
551,EB
552,EBF
553,EBIX
554,EBS
555,EBSB
556,EBTC
557,ECHO
558,ECOL
559,ECOM
560,ECOR
561,ECPG
562,EDIT
563,EE
564,EEX
565,EFC
566,EFSC
567,EGAN
568,EGBN
569,EGHT
570,EGLE
571,EGOV
572,EGP
573,EGRX
574,EHTH
575,EIDX
576,EIG
577,EIGI
578,EIGR
579,ELF
580,ELOX
581,ELVT
582,ELY
583,EME
584,EML
585,ENDP
586,ENOB
587,ENPH
588,ENS
589,ENSG
590,ENTA
591,ENV
592,ENVA
593,ENZ
594,EOLS
595,EPAY
596,EPC
597,EPM
598,EPRT
599,EPZM
600,EQBK
601,ERA
602,ERI
603,ERII
604,EROS
605,ESCA
606,ESE
607,ESGR
608,ESNT
609,ESPR
610,ESQ
611,ESSA
612,ESTE
613,ESXB
614,ETH
615,ETM
616,EVBG
617,EVBN
618,EVC
619,EVER
620,EVFM
621,EVH
622,EVI
623,EVLO
624,EVOP
625,EVRI
626,EVTC
627,EXLS
628,EXPI
629,EXPO
630,EXPR
631,EXTN
632,EXTR
633,EYE
634,EYPT
635,EZPW
636,FARM
637,FARO
638,FATE
639,FBC
640,FBIZ
641,FBK
642,FBM
643,FBMS
644,FBNC
645,FBP
646,FC
647,FCAP
648,FCBC
649,FCBP
650,FCCY
651,FCF
652,FCFS
653,FCN
654,FCPT
655,FDBC
656,FDEF
657,FDP
658,FELE
659,FET
660,FF
661,FFBC
662,FFG
663,FFIC
664,FFIN
665,FFNW
666,FFWM
667,FG
668,FGBI
669,FGEN
670,FI
671,FIBK
672,FII
673,FISI
674,FIT
675,FIVN
676,FIX
677,FIXX
678,FIZZ
679,FLDM
680,FLIC
681,FLMN
682,FLNT
683,FLOW
684,FLWS
685,FLXN
686,FLXS
687,FMAO
688,FMBH
689,FMBI
690,FMNB
691,FN
692,FNCB
693,FNHC
694,FNKO
695,FNLC
696,FNWB
697,FOCS
698,FOE
699,FOLD
700,FOR
701,FORM
702,FORR
703,FOSL
704,FOXF
705,FPI
706,FPRX
707,FR
708,FRAF
709,FRBA
710,FRBK
711,FRGI
712,FRME
713,FRPH
714,FRPT
715,FRTA
716,FSB
717,FSBW
718,FSCT
719,FSP
720,FSS
721,FSTR
722,FTK
723,FTR
724,FTSI
725,FTSV
726,FUL
727,FULC
728,FULT
729,FVCB
730,FWRD
731,GABC
732,GAIA
733,GALT
734,GATX
735,GBCI
736,GBL
737,GBLI
738,GBT
739,GBX
740,GCAP
741,GCBC
742,GCI
743,GCO
744,GCP
745,GDEN
746,GDOT
747,GDP
748,GEF
749,GEN
750,GENC
751,GEO
752,GEOS
753,GERN
754,GES
755,GFF
756,GFN
757,GHL
758,GHM
759,GIII
760,GKOS
761,GLDD
762,GLNG
763,GLOG
764,GLRE
765,GLT
766,GLUU
767,GLYC
768,GME
769,GMED
770,GMRE
771,GMS
772,GNC
773,GNE
774,GNK
775,GNL
776,GNLN
777,GNMK
778,GNRC
779,GNTY
780,GNW
781,GOGO
782,GOLF
783,GOOD
784,GORO
785,GOSS
786,GPI
787,GPMT
788,GPOR
789,GPRE
790,GPRO
791,GPX
792,GRBK
793,GRC
794,GRIF
795,GRPN
796,GRTS
797,GSBC
798,GSHD
799,GSIT
800,GTHX
801,GTLS
802,GTN
803,GTS
804,GTT
805,GTY
806,GTYH
807,GVA
808,GWB
809,GWGH
810,GWRS
811,HA
812,HABT
813,HAE
814,HAFC
815,HALL
816,HALO
817,HARP
818,HASI
819,HAYN
820,HBB
821,HBCP
822,HBMD
823,HBNC
824,HCAT
825,HCC
826,HCCI
827,HCI
828,HCKT
829,HCSG
830,HEES
831,HELE
832,HFFG
833,HFWA
834,HI
835,HIBB
836,HIFS
837,HL
838,HLI
839,HLIO
840,HLIT
841,HLNE
842,HLX
843,HMHC
844,HMN
845,HMST
846,HMSY
847,HMTV
848,HNGR
849,HNI
850,HNRG
851,HOFT
852,HOMB
853,HOME
854,HONE
855,HOOK
856,HOPE
857,HPR
858,HQY
859,HR
860,HRI
861,HRTG
862,HRTX
863,HSC
864,HSII
865,HSKA
866,HSTM
867,HT
868,HTBI
869,HTBK
870,HTH
871,HTLD
872,HTLF
873,HTZ
874,HUBG
875,HUD
876,HURC
877,HURN
878,HVT
879,HWBK
880,HWC
881,HWKN
882,HY
883,HZO
884,I
885,IBCP
886,IBKC
887,IBOC
888,IBP
889,IBTX
890,ICD
891,ICFI
892,ICHR
893,ICPT
894,IDCC
895,IDEX
896,IDT
897,IESC
898,IHC
899,III
900,IIIN
901,IIIV
902,IIN
903,IIPR
904,IIVI
905,ILPT
906,IMAX
907,IMGN
908,IMKTA
909,IMMR
910,IMMU
911,IMXI
912,INBK
913,INDB
914,INFN
915,INGN
916,INN
917,INO
918,INOV
919,INS
920,INSE
921,INSG
922,INSM
923,INSP
924,INST
925,INSW
926,INT
927,INTL
928,INVA
929,INWK
930,IOSP
931,IOTS
932,IOVA
933,IPAR
934,IPHI
935,IPHS
936,IPI
937,IRBT
938,IRDM
939,IRET
940,IRMD
941,IRT
942,IRTC
943,IRWD
944,ISBC
945,ISTR
946,ITCI
947,ITGR
948,ITI
949,ITIC
950,ITRI
951,IVC
952,IVR
953,JACK
954,JAG
955,JAX
956,JBSS
957,JBT
958,JCAP
959,JCOM
960,JCP
961,JELD
962,JILL
963,JJSF
964,JNCE
965,JOE
966,JOUT
967,JRVR
968,JYNT
969,KAI
970,KALA
971,KALU
972,KALV
973,KAMN
974,KBAL
975,KBH
976,KBR
977,KDMN
978,KE
979,KELYA
980,KEM
981,KFRC
982,KFY
983,KIDS
984,KIN
985,KLDO
986,KLXE
987,KMT
988,KN
989,KNL
990,KNSA
991,KNSL
992,KOD
993,KOP
994,KPTI
995,KRA
996,KREF
997,KRG
998,KRNY
999,KRO
1000,KRTX
1001,KRUS
1002,KRYS
1003,KTB
1004,KTOS
1005,KURA
1006,KVHI
1007,KW
1008,KWR
1009,KZR
1010,LADR
1011,LANC
1012,LAND
1013,LASR
1014,LAUR
1015,LAWS
1016,LBAI
1017,LBC
1018,LBRT
1019,LC
1020,LCI
1021,LCII
1022,LCNB
1023,LCTX
1024,LCUT
1025,LDL
1026,LE
1027,LEAF
1028,LEE
1029,LEGH
1030,LEVL
1031,LFVN
1032,LGIH
1033,LGND
1034,LHCG
1035,LILA
1036,LILAK
1037,LIND
1038,LITE
1039,LIVN
1040,LIVX
1041,LJPC
1042,LKFN
1043,LKSD
1044,LL
1045,LLNW
1046,LMAT
1047,LMNR
1048,LMNX
1049,LNDC
1050,LNN
1051,LNTH
1052,LOB
1053,LOCO
1054,LOGC
1055,LORL
1056,LOVE
1057,LPG
1058,LPI
1059,LPSN
1060,LPX
1061,LQDA
1062,LQDT
1063,LRN
1064,LSCC
1065,LTC
1066,LTHM
1067,LTRPA
1068,LTS
1069,LVGO
1070,LXFR
1071,LXP
1072,LXRX
1073,LXU
1074,LZB
1075,MANT
1076,MATW
1077,MATX
1078,MAXR
1079,MBI
1080,MBII
1081,MBIN
1082,MBIO
1083,MBUU
1084,MBWM
1085,MC
1086,MCB
1087,MCBC
1088,MCFT
1089,MCHX
1090,MCRB
1091,MCRI
1092,MCS
1093,MDC
1094,MDCA
1095,MDGL
1096,MDP
1097,MDRX
1098,MEC
1099,MED
1100,MEDP
1101,MEET
1102,MEI
1103,MEIP
1104,MESA
1105,METC
1106,MFIN
1107,MFNC
1108,MFSF
1109,MG
1110,MGEE
1111,MGLN
1112,MGNX
1113,MGPI
1114,MGRC
1115,MGTA
1116,MGTX
1117,MGY
1118,MHO
1119,MIK
1120,MINI
1121,MIRM
1122,MITK
1123,MITT
1124,MJCO
1125,MLAB
1126,MLHR
1127,MLI
1128,MLND
1129,MLP
1130,MLR
1131,MLVF
1132,MMAC
1133,MMI
1134,MMS
1135,MMSI
1136,MNK
1137,MNKD
1138,MNLO
1139,MNOV
1140,MNR
1141,MNRL
1142,MNRO
1143,MNSB
1144,MNTA
1145,MOBL
1146,MOD
1147,MODN
1148,MOFG
1149,MORF
1150,MOV
1151,MPAA
1152,MPB
1153,MPX
1154,MR
1155,MRC
1156,MRCY
1157,MRKR
1158,MRLN
1159,MRNS
1160,MRSN
1161,MRTN
1162,MRTX
1163,MSA
1164,MSBI
1165,MSEX
1166,MSGN
1167,MSON
1168,MSTR
1169,MTDR
1170,MTEM
1171,MTH
1172,MTOR
1173,MTRN
1174,MTRX
1175,MTSC
1176,MTSI
1177,MTW
1178,MTX
1179,MTZ
1180,MUSA
1181,MVBF
1182,MWA
1183,MXL
1184,MYE
1185,MYGN
1186,MYOK
1187,MYRG
1188,NAT
1189,NATH
1190,NATR
1191,NAV
1192,NBEV
1193,NBHC
1194,NBN
1195,NBR
1196,NBTB
1197,NC
1198,NCBS
1199,NCMI
1200,NCSM
1201,NDLS
1202,NE
1203,NEO
1204,NEOG
1205,NERV
1206,NESR
1207,NEXT
1208,NFBK
1209,NG
1210,NGHC
1211,NGM
1212,NGS
1213,NGVC
1214,NGVT
1215,NHC
1216,NHI
1217,NINE
1218,NJR
1219,NKSH
1220,NL
1221,NMIH
1222,NMRK
1223,NNBR
1224,NNI
1225,NODK
1226,NOG
1227,NOVA
1228,NOVT
1229,NP
1230,NPK
1231,NPO
1232,NPTN
1233,NR
1234,NRC
1235,NRIM
1236,NSA
1237,NSIT
1238,NSP
1239,NSSC
1240,NSTG
1241,NTB
1242,NTCT
1243,NTGN
1244,NTGR
1245,NTLA
1246,NTRA
1247,NTUS
1248,NUVA
1249,NVAX
1250,NVCR
1251,NVEC
1252,NVEE
1253,NVRO
1254,NVTA
1255,NWBI
1256,NWE
1257,NWFL
1258,NWLI
1259,NWN
1260,NWPX
1261,NX
1262,NXGN
1263,NXRT
1264,NXTC
1265,NYMT
1266,OAS
1267,OBNK
1268,OCFC
1269,OCN
1270,OCUL
1271,OCX
1272,ODC
1273,ODP
1274,ODT
1275,OEC
1276,OFG
1277,OFIX
1278,OFLX
1279,OGS
1280,OII
1281,OIS
1282,OLBK
1283,OLP
1284,OMCL
1285,OMER
1286,OMI
1287,OMN
1288,ONB
1289,ONDK
1290,OOMA
1291,OPB
1292,OPBK
1293,OPI
1294,OPK
1295,OPRX
1296,OPTN
1297,OPY
1298,ORA
1299,ORBC
1300,ORC
1301,ORGO
1302,ORRF
1303,OSBC
1304,OSG
1305,OSIS
1306,OSMT
1307,OSPN
1308,OSTK
1309,OSUR
1310,OSW
1311,OTTR
1312,OVBC
1313,OVLY
1314,OXM
1315,PACB
1316,PACD
1317,PAHC
1318,PAR
1319,PARR
1320,PATK
1321,PAYS
1322,PBFS
1323,PBH
1324,PBI
1325,PBIP
1326,PBPB
1327,PBYI
1328,PCB
1329,PCH
1330,PCRX
1331,PCSB
1332,PCYO
1333,PDCE
1334,PDCO
1335,PDFS
1336,PDLB
1337,PDLI
1338,PDM
1339,PEB
1340,PEBK
1341,PEBO
1342,PEGI
1343,PEI
1344,PENN
1345,PETQ
1346,PETS
1347,PFBC
1348,PFBI
1349,PFGC
1350,PFIS
1351,PFNX
1352,PFS
1353,PFSI
1354,PGC
1355,PGNX
1356,PGTI
1357,PHAS
1358,PHR
1359,PHUN
1360,PHX
1361,PI
1362,PICO
1363,PIRS
1364,PJT
1365,PKBK
1366,PKD
1367,PKE
1368,PKOH
1369,PLAB
1370,PLAY
1371,PLCE
1372,PLMR
1373,PLOW
1374,PLPC
1375,PLSE
1376,PLT
1377,PLUG
1378,PLUS
1379,PLXS
1380,PMBC
1381,PMT
1382,PNM
1383,PNRG
1384,PNTG
1385,POL
1386,POR
1387,POWI
1388,POWL
1389,PPBI
1390,PQG
1391,PRA
1392,PRAA
1393,PRFT
1394,PRGS
1395,PRGX
1396,PRIM
1397,PRK
1398,PRLB
1399,PRMW
1400,PRNB
1401,PRO
1402,PROS
1403,PROV
1404,PRPL
1405,PRSC
1406,PRSP
1407,PRTA
1408,PRTH
1409,PRTK
1410,PRTY
1411,PRVL
1412,PSB
1413,PSMT
1414,PSN
1415,PSNL
1416,PTCT
1417,PTE
1418,PTGX
1419,PTLA
1420,PTN
1421,PTSI
1422,PTVCB
1423,PUB
1424,PUMP
1425,PVAC
1426,PVBC
1427,PWOD
1428,PYX
1429,PZN
1430,PZZA
1431,QADA
1432,QCRH
1433,QDEL
1434,QEP
1435,QLYS
1436,QNST
1437,QTRX
1438,QTS
1439,QTWO
1440,QUAD
1441,QUOT
1442,RAD
1443,RAMP
1444,RARE
1445,RARX
1446,RAVN
1447,RBB
1448,RBBN
1449,RBCAA
1450,RBNC
1451,RC
1452,RCII
1453,RCKT
1454,RCKY
1455,RCM
1456,RCUS
1457,RDFN
1458,RDI
1459,RDN
1460,RDNT
1461,RDUS
1462,REAL
1463,RECN
1464,REGI
1465,REI
1466,REPH
1467,REPL
1468,RES
1469,RESI
1470,RETA
1471,REV
1472,REVG
1473,REX
1474,REXR
1475,RFL
1476,RGCO
1477,RGEN
1478,RGNX
1479,RGR
1480,RGS
1481,RH
1482,RHP
1483,RICK
1484,RIGL
1485,RILY
1486,RLGT
1487,RLGY
1488,RLH
1489,RLI
1490,RLJ
1491,RM
1492,RMAX
1493,RMBI
1494,RMBS
1495,RMNI
1496,RMR
1497,RMTI
1498,RNET
1499,RNST
1500,ROAD
1501,ROCK
1502,ROG
1503,ROIC
1504,ROLL
1505,ROSE
1506,RPD
1507,RPT
1508,RRBI
1509,RRD
1510,RRGB
1511,RRR
1512,RRTS
1513,RST
1514,RTIX
1515,RTRX
1516,RTW
1517,RUBI
1518,RUBY
1519,RUN
1520,RUSHA
1521,RUSHB
1522,RUTH
1523,RVI
1524,RVNC
1525,RVSB
1526,RWT
1527,RXN
1528,RYAM
1529,RYI
1530,RYTM
1531,SAFE
1532,SAFM
1533,SAFT
1534,SAH
1535,SAIA
1536,SAIC
1537,SAIL
1538,SALT
1539,SAM
1540,SAMG
1541,SANM
1542,SASR
1543,SAVE
1544,SB
1545,SBBP
1546,SBBX
1547,SBCF
1548,SBH
1549,SBOW
1550,SBRA
1551,SBSI
1552,SBT
1553,SCHL
1554,SCHN
1555,SCL
1556,SCOR
1557,SCS
1558,SCSC
1559,SCU
1560,SCVL
1561,SCWX
1562,SD
1563,SDRL
1564,SEAS
1565,SEM
1566,SENEA
1567,SENS
1568,SF
1569,SFBS
1570,SFE
1571,SFIX
1572,SFL
1573,SFNC
1574,SFST
1575,SGA
1576,SGC
1577,SGH
1578,SGMO
1579,SGMS
1580,SGRY
1581,SHAK
1582,SHBI
1583,SHEN
1584,SHO
1585,SHOO
1586,SHSP
1587,SIBN
1588,SIC
1589,SIEB
1590,SIEN
1591,SIG
1592,SIGA
1593,SIGI
1594,SILK
1595,SITE
1596,SJI
1597,SJW
1598,SKT
1599,SKY
1600,SKYW
1601,SLAB
1602,SLCA
1603,SLCT
1604,SLDB
1605,SLP
1606,SM
1607,SMBC
1608,SMBK
1609,SMHI
1610,SMMF
1611,SMP
1612,SMPL
1613,SMTC
1614,SNBR
1615,SNCR
1616,SND
1617,SNDX
1618,SNR
1619,SOI
1620,SOLY
1621,SONA
1622,SONM
1623,SONO
1624,SP
1625,SPAR
1626,SPFI
1627,SPKE
1628,SPNE
1629,SPOK
1630,SPPI
1631,SPRO
1632,SPSC
1633,SPTN
1634,SPWH
1635,SPWR
1636,SPXC
1637,SR
1638,SRCE
1639,SRDX
1640,SRG
1641,SRI
1642,SRNE
1643,SRRK
1644,SRT
1645,SSB
1646,SSD
1647,SSP
1648,SSTI
1649,SSTK
1650,SSYS
1651,STAA
1652,STAG
1653,STAR
1654,STBA
1655,STC
1656,STFC
1657,STIM
1658,STML
1659,STMP
1660,STNG
1661,STOK
1662,STRA
1663,STRL
1664,STRO
1665,STRS
1666,STXB
1667,SUM
1668,SUPN
1669,SVMK
1670,SVRA
1671,SWAV
1672,SWM
1673,SWN
1674,SWX
1675,SXC
1676,SXI
1677,SXT
1678,SYBT
1679,SYBX
1680,SYKE
1681,SYNA
1682,SYNH
1683,SYNL
1684,SYRS
1685,SYX
1686,TACO
1687,TALO
1688,TAST
1689,TBBK
1690,TBI
1691,TBIO
1692,TBK
1693,TBNK
1694,TBPH
1695,TCBK
1696,TCDA
1697,TCFC
1698,TCI
1699,TCMD
1700,TCRR
1701,TCS
1702,TCX
1703,TDOC
1704,TDW
1705,TECD
1706,TELL
1707,TEN
1708,TENB
1709,TERP
1710,TESS
1711,TEUM
1712,TEX
1713,TG
1714,TGH
1715,TGI
1716,TGNA
1717,TGTX
1718,TH
1719,THC
1720,THFF
1721,THOR
1722,THR
1723,THRM
1724,TILE
1725,TIPT
1726,TISI
1727,TITN
1728,TIVO
1729,TK
1730,TLRA
1731,TLRD
1732,TLYS
1733,TMDX
1734,TMHC
1735,TMP
1736,TMST
1737,TNAV
1738,TNC
1739,TNDM
1740,TNET
1741,TNK
1742,TOCA
1743,TORC
1744,TOWN
1745,TPB
1746,TPC
1747,TPCO
1748,TPH
1749,TPIC
1750,TPRE
1751,TPTX
1752,TR
1753,TRC
1754,TREC
1755,TREX
1756,TRHC
1757,TRMK
1758,TRNO
1759,TRNS
1760,TROX
1761,TRS
1762,TRST
1763,TRTN
1764,TRTX
1765,True
1766,TRUP
1767,TRWH
1768,TRXC
1769,TSBK
1770,TSC
1771,TSE
1772,TTEC
1773,TTEK
1774,TTGT
1775,TTI
1776,TTMI
1777,TTS
1778,TUP
1779,TUSK
1780,TVTY
1781,TWI
1782,TWIN
1783,TWNK
1784,TWST
1785,TXMD
1786,TXRH
1787,TYME
1788,TZOO
1789,UBA
1790,UBFO
1791,UBSI
1792,UBX
1793,UCBI
1794,UCFC
1795,UCTT
1796,UE
1797,UEC
1798,UEIC
1799,UFCS
1800,UFI
1801,UFPI
1802,UFPT
1803,UHT
1804,UIHC
1805,UIS
1806,ULH
1807,UMBF
1808,UMH
1809,UNB
1810,UNF
1811,UNFI
1812,UNIT
1813,UNT
1814,UNTY
1815,UPLD
1816,UPWK
1817,URGN
1818,USCR
1819,USLM
1820,USNA
1821,USPH
1822,USWS
1823,USX
1824,UTL
1825,UTMD
1826,UUUU
1827,UVE
1828,UVSP
1829,UVV
1830,VAC
1831,VALU
1832,VAPO
1833,VBIV
1834,VBTX
1835,VC
1836,VCEL
1837,VCRA
1838,VCYT
1839,VEC
1840,VECO
1841,VG
1842,VGR
1843,VHC
1844,VHI
1845,VIAV
1846,VICR
1847,VIVO
1848,VKTX
1849,VLGEA
1850,VLY
1851,VNCE
1852,VNDA
1853,VPG
1854,VRA
1855,VRAY
1856,VRCA
1857,VREX
1858,VRNS
1859,VRNT
1860,VRRM
1861,VRS
1862,VRTS
1863,VRTU
1864,VRTV
1865,VSEC
1866,VSH
1867,VSLR
1868,VSTO
1869,VVI
1870,VYGR
1871,WAAS
1872,WABC
1873,WAFD
1874,WASH
1875,WATT
1876,WBT
1877,WD
1878,WDFC
1879,WDR
1880,WERN
1881,WETF
1882,WEYS
1883,WGO
1884,WHD
1885,WHG
1886,WIFI
1887,WINA
1888,WING
1889,WIRE
1890,WK
1891,WLDN
1892,WLFC
1893,WLH
1894,WLL
1895,WMC
1896,WMGI
1897,WMK
1898,WMS
1899,WNC
1900,WNEB
1901,WOR
1902,WOW
1903,WPG
1904,WRE
1905,WRLD
1906,WRTC
1907,WSBC
1908,WSBF
1909,WSC
1910,WSFS
1911,WSR
1912,WTBA
1913,WTI
1914,WTRE
1915,WTRH
1916,WTS
1917,WTTR
1918,WVE
1919,WW
1920,WWW
1921,XAN
1922,XBIT
1923,XELA
1924,XENT
1925,XERS
1926,XFOR
1927,XHR
1928,XLRN
1929,XNCR
1930,XOG
1931,XPER
1932,XXII
1933,YCBD
1934,YELP
1935,YETI
1936,YEXT
1937,YGYI
1938,YMAB
1939,YORW
1940,YRCW
1941,ZAGG
1942,ZEUS
1943,ZGNX
1944,ZIOP
1945,ZIXI
1946,ZUMZ
1947,ZUO
1948,ZYNE
1949,ZYXI
